X,Y,Z,trialNumber,phaseNumber
-0.01799989,0.9581255,0.586,1,3
-0.01799989,0.9557033,0.586,1,3
-0.01799989,0.9520699,0.586,1,3
-0.01799989,0.9472255,0.586,1,3
-0.01799989,0.94117,0.586,1,3
-0.01799724,0.9341156,0.586,1,3
-0.01790974,0.9327036,0.586,1,3
-0.01779339,0.93242,0.586,1,3
-0.01765922,0.9323619,0.586,1,3
-0.01750982,0.9323488,0.586,1,3
-0.0173454,0.9323446,0.586,1,3
-0.01716596,0.9323418,0.586,1,3
-0.01697195,0.9323396,0.586,1,3
-0.01676369,0.9323373,0.586,1,3
-0.01654151,0.932335,0.586,1,3
-0.01630583,0.9323328,0.586,1,3
-0.01605701,0.9323306,0.586,1,3
-0.01579547,0.9323285,0.586,1,3
-0.01523525,0.9323233,0.586,1,3
-0.01493725,0.9323218,0.586,1,3
-0.0146279,0.9323197,0.586,1,3
-0.01430747,0.9323175,0.586,1,3
-0.01397607,0.9323149,0.586,1,3
-0.01363349,0.9323114,0.586,1,3
-0.01327983,0.9323083,0.586,1,3
-0.01291516,0.9323053,0.586,1,3
-0.01253951,0.9323018,0.586,1,3
-0.01215261,0.9322975,0.586,1,3
-0.01175469,0.9322947,0.586,1,3
-0.01134583,0.9322912,0.586,1,3
-0.01092607,0.9322878,0.586,1,3
-0.01049536,0.9322838,0.586,1,3
-0.01005349,0.9322783,0.586,1,3
-0.009600163,0.9322727,0.586,1,3
-0.009135008,0.9322652,0.586,1,3
-0.008657187,0.9322554,0.586,1,3
-0.008166462,0.9322476,0.586,1,3
-0.007662475,0.9322392,0.586,1,3
-0.007144988,0.9322313,0.586,1,3
-0.006613404,0.9322203,0.586,1,3
-0.006066948,0.9322069,0.586,1,3
-0.005504429,0.9321886,0.586,1,3
-0.004924715,0.9321693,0.586,1,3
-0.004327059,0.9321521,0.586,1,3
-0.003710449,0.9321316,0.586,1,3
-0.003074169,0.9321129,0.586,1,3
-0.002417624,0.9320942,0.586,1,3
-0.001739919,0.9320708,0.586,1,3
-0.001039982,0.9320452,0.586,1,3
-0.0003169179,0.9320182,0.586,1,3
0.000430584,0.9319852,0.586,1,3
0.001203984,0.9319473,0.586,1,3
0.002004683,0.9319083,0.586,1,3
0.002834111,0.9318652,0.586,1,3
0.00369364,0.9318221,0.586,1,3
0.004584372,0.9317786,0.586,1,3
0.005507201,0.9317386,0.586,1,3
0.006462723,0.9317006,0.586,1,3
0.007451385,0.9316625,0.586,1,3
0.008473694,0.9316235,0.586,1,3
0.009529948,0.9315886,0.586,1,3
0.009529948,0.9315886,0.586,1,3
0.01062027,0.9315531,0.586,1,3
0.01174474,0.9315194,0.586,1,3
0.01290339,0.931485,0.586,1,3
0.01409623,0.9314516,0.586,1,3
0.01532307,0.9314222,0.586,1,3
0.01658353,0.9313999,0.586,1,3
0.01787683,0.9313834,0.586,1,3
0.01920199,0.9313775,0.586,1,3
0.0205577,0.9313805,0.586,1,3
0.02194256,0.9313833,0.586,1,3
0.02335554,0.9313821,0.586,1,3
0.02479577,0.9313865,0.586,1,3
0.02626216,0.9313864,0.586,1,3
0.02775395,0.9313836,0.586,1,3
0.02927038,0.9313915,0.586,1,3
0.03081021,0.931399,0.586,1,3
0.03237247,0.9314108,0.586,1,3
0.0339562,0.931424,0.586,1,3
0.0355604,0.9314331,0.586,1,3
0.03718448,0.9314317,0.586,1,3
0.0388281,0.931429,0.586,1,3
0.04049087,0.9314187,0.586,1,3
0.04217273,0.9313885,0.586,1,3
0.043874,0.931367,0.586,1,3
0.04559448,0.9313377,0.586,1,3
0.04733419,0.9313251,0.586,1,3
0.04909268,0.9313073,0.586,1,3
0.05086961,0.9313157,0.586,1,3
0.05266398,0.9313278,0.586,1,3
0.05447522,0.9313258,0.586,1,3
0.05630314,0.9313183,0.586,1,3
0.05814758,0.9313055,0.586,1,3
0.06000841,0.931295,0.586,1,3
0.06188524,0.9313046,0.586,1,3
0.06377739,0.9313041,0.586,1,3
0.0676069,0.9312769,0.586,1,3
0.0676069,0.9312769,0.586,1,3
0.06954399,0.9313172,0.586,1,3
0.07149422,0.9313628,0.586,1,3
0.07345659,0.9314202,0.586,1,3
0.07542995,0.9314843,0.586,1,3
0.07741296,0.9315715,0.586,1,3
0.07940394,0.9316781,0.586,1,3
0.08140144,0.931776,0.586,1,3
0.08340442,0.9318564,0.586,1,3
0.08541161,0.9319606,0.586,1,3
0.08742183,0.9320484,0.586,1,3
0.08943355,0.9321833,0.586,1,3
0.09144497,0.9323218,0.586,1,3
0.09345472,0.9324588,0.586,1,3
0.09546173,0.932574,0.586,1,3
0.0974648,0.9326866,0.586,1,3
0.09946314,0.9327865,0.586,1,3
0.101456,0.9328709,0.586,1,3
0.1034427,0.9329533,0.586,1,3
0.1054227,0.9330216,0.586,1,3
0.1073955,0.9330842,0.586,1,3
0.1093606,0.9331435,0.586,1,3
0.1113175,0.9332132,0.586,1,3
0.1132655,0.9332905,0.586,1,3
0.1152041,0.9333618,0.586,1,3
0.1171334,0.9334084,0.586,1,3
0.1190529,0.9334528,0.586,1,3
0.1209626,0.9334872,0.586,1,3
0.1228619,0.9335375,0.586,1,3
0.1247508,0.933576,0.586,1,3
0.1266288,0.9336263,0.586,1,3
0.1284964,0.9336472,0.586,1,3
0.1303536,0.9336501,0.586,1,3
0.1321999,0.9336699,0.586,1,3
0.1340353,0.9337102,0.586,1,3
0.1376728,0.9337752,0.586,1,3
0.1376728,0.9337752,0.586,1,3
0.1394746,0.9338172,0.586,1,3
0.1412655,0.9338325,0.586,1,3
0.1430452,0.9338343,0.586,1,3
0.1448138,0.9338489,0.586,1,3
0.1465706,0.9338967,0.586,1,3
0.1483157,0.9339461,0.586,1,3
0.1500495,0.9339665,0.586,1,3
0.1517715,0.9339905,0.586,1,3
0.1534814,0.9340316,0.586,1,3
0.1551799,0.9340405,0.586,1,3
0.1568664,0.9340615,0.586,1,3
0.1585413,0.934065,0.586,1,3
0.1602044,0.934076,0.586,1,3
0.1618564,0.9340552,0.586,1,3
0.1634974,0.9340261,0.586,1,3
0.1651274,0.9340101,0.586,1,3
0.1667473,0.9339582,0.586,1,3
0.1683571,0.9339083,0.586,1,3
0.1699571,0.9338676,0.586,1,3
0.1715481,0.9338102,0.586,1,3
0.1731316,0.9336619,0.586,1,3
0.1747084,0.9334921,0.586,1,3
0.1762794,0.9333224,0.586,1,3
0.1778457,0.9331551,0.586,1,3
0.1794078,0.9330268,0.586,1,3
0.1809672,0.932873,0.586,1,3
0.1825241,0.9327628,0.586,1,3
0.18408,0.9325732,0.586,1,3
0.1856363,0.9323562,0.586,1,3
0.1871939,0.9321728,0.586,1,3
0.1887538,0.9319972,0.586,1,3
0.190317,0.931832,0.586,1,3
0.1918843,0.93167,0.586,1,3
0.1934567,0.9315245,0.586,1,3
0.1950347,0.9314196,0.586,1,3
0.1966186,0.9313584,0.586,1,3
0.1982084,0.9313084,0.586,1,3
0.1998042,0.9313102,0.586,1,3
0.2014058,0.9313191,0.586,1,3
0.2030129,0.931332,0.586,1,3
0.2046255,0.9313332,0.586,1,3
0.2062435,0.9313623,0.586,1,3
0.2078663,0.9314868,0.586,1,3
0.211123,0.9316142,0.586,1,3
0.211123,0.9316142,0.586,1,3
0.212756,0.931805,0.586,1,3
0.2160249,0.932124,0.586,1,3
0.2176582,0.9324957,0.586,1,3
0.219289,0.9327522,0.586,1,3
0.2209153,0.9330667,0.586,1,3
0.2225353,0.9333993,0.586,1,3
0.2241467,0.9337884,0.586,1,3
0.2257483,0.934163,0.586,1,3
0.2273374,0.9345748,0.586,1,3
0.2289129,0.934971,0.586,1,3
0.2304721,0.9353861,0.586,1,3
0.232014,0.9357851,0.586,1,3
0.2335364,0.9361826,0.586,1,3
0.2350367,0.9366152,0.586,1,3
0.236513,0.9370672,0.586,1,3
0.2379625,0.9375581,0.586,1,3
0.2393848,0.9380198,0.586,1,3
0.240777,0.9384915,0.586,1,3
0.2421385,0.9389184,0.586,1,3
0.2434672,0.9393311,0.586,1,3
0.2447599,0.9397701,0.586,1,3
0.2460145,0.9402345,0.586,1,3
0.2472305,0.9406846,0.586,1,3
0.2484062,0.9411157,0.586,1,3
0.2495379,0.9415792,0.586,1,3
0.2506314,0.9418926,0.586,1,3
0.2516825,0.9421495,0.586,1,3
0.2526871,0.9424313,0.586,1,3
0.2526871,0.9424313,0.586,1,3
0.2536468,0.9426751,0.586,1,3
0.2545546,0.9430192,0.586,1,3
0.256238,0.9433559,0.586,1,3
0.2570037,0.9435757,0.586,1,3
0.2577232,0.9437014,0.586,1,3
0.2583932,0.9438086,0.586,1,3
0.259015,0.9438662,0.586,1,3
0.259015,0.9438662,0.586,1,3
0.2595882,0.9438837,0.586,1,3
0.2601131,0.9438608,0.586,1,3
0.2610105,0.9438741,0.586,1,3
0.2610105,0.9438741,0.586,1,3
0.2613869,0.9438229,0.586,1,3
0.2619922,0.943727,0.586,1,3
0.2622231,0.9436432,0.586,1,3
0.2622231,0.9436432,0.586,1,3
0.2624039,0.9435973,0.586,1,3
0.2625358,0.9435688,0.586,1,3
0.2626205,0.9435149,0.586,1,3
0.262646,0.9434262,0.586,1,3
0.262646,0.9434262,0.586,1,3
0.2625883,0.9433638,0.586,1,3
0.2623331,0.9432133,0.586,1,3
0.2621374,0.9430959,0.586,1,3
0.2621374,0.9430959,0.586,1,3
0.261892,0.9430671,0.586,1,3
0.2615993,0.9430638,0.586,1,3
0.2612606,0.9430498,0.586,1,3
0.2604458,0.9429899,0.586,1,3
0.2599706,0.9429271,0.586,1,3
0.2594442,0.9429862,0.586,1,3
0.2588744,0.9429664,0.586,1,3
0.2582573,0.9429682,0.586,1,3
0.2575945,0.9429474,0.586,1,3
0.2568783,0.9430832,0.586,1,3
0.2561179,0.9431269,0.586,1,3
0.2553117,0.9431227,0.586,1,3
0.2544606,0.9430538,0.586,1,3
0.2535632,0.9429597,0.586,1,3
0.2526213,0.942813,0.586,1,3
0.2516319,0.942696,0.586,1,3
0.2505948,0.9426166,0.586,1,3
0.2495123,0.9425251,0.586,1,3
0.2483814,0.9424913,0.586,1,3
0.2472091,0.9423495,0.586,1,3
0.2459885,0.9422848,0.586,1,3
0.2447245,0.9421726,0.586,1,3
0.2434162,0.942045,0.586,1,3
0.2420628,0.9419357,0.586,1,3
0.2406669,0.9417835,0.586,1,3
0.2392263,0.9416598,0.586,1,3
0.2377436,0.9415054,0.586,1,3
0.2377436,0.9415054,0.586,1,3
0.2362172,0.9413764,0.586,1,3
0.2330346,0.9411787,0.586,1,3
0.2313838,0.9409778,0.586,1,3
0.2296899,0.9408308,0.586,1,3
0.2296899,0.9408308,0.586,1,3
0.2279561,0.9406592,0.586,1,3
0.2261835,0.9404508,0.586,1,3
0.2243707,0.9402721,0.586,1,3
0.2206252,0.9400125,0.586,1,3
0.2167283,0.9397183,0.586,1,3
0.2147195,0.9396718,0.586,1,3
0.2126728,0.9396223,0.586,1,3
0.2105888,0.9395458,0.586,1,3
0.2084678,0.9394431,0.586,1,3
0.20631,0.9393156,0.586,1,3
0.2041134,0.939233,0.586,1,3
0.2018809,0.9391133,0.586,1,3
0.1996124,0.9389665,0.586,1,3
0.1973068,0.9388456,0.586,1,3
0.1949641,0.9387501,0.586,1,3
0.1925843,0.9386789,0.586,1,3
0.1901697,0.9385653,0.586,1,3
0.1877207,0.9384117,0.586,1,3
0.1852364,0.938268,0.586,1,3
0.1827175,0.9381184,0.586,1,3
0.1801645,0.9379695,0.586,1,3
0.1775762,0.9378645,0.586,1,3
0.1749539,0.9377614,0.586,1,3
0.1722999,0.9376051,0.586,1,3
0.1696139,0.9374264,0.586,1,3
0.1668962,0.9372417,0.586,1,3
0.1641477,0.9370502,0.586,1,3
0.1613686,0.9368688,0.586,1,3
0.1585599,0.9366905,0.586,1,3
0.1557239,0.9364674,0.586,1,3
0.152858,0.9363256,0.586,1,3
0.149966,0.9361392,0.586,1,3
0.1470464,0.9359977,0.586,1,3
0.1441005,0.9358675,0.586,1,3
0.1411306,0.9356856,0.586,1,3
0.1381374,0.9354687,0.586,1,3
0.1351212,0.9352674,0.586,1,3
0.132084,0.9350467,0.586,1,3
0.1290267,0.9348237,0.586,1,3
0.12595,0.9346347,0.586,1,3
0.1228555,0.9344536,0.586,1,3
0.1197439,0.9342922,0.586,1,3
0.1166167,0.9341261,0.586,1,3
0.1134749,0.9339613,0.586,1,3
0.1103191,0.9338261,0.586,1,3
0.107151,0.9336729,0.586,1,3
0.1039717,0.9335157,0.586,1,3
0.100782,0.9333782,0.586,1,3
0.09758246,0.9332823,0.586,1,3
0.09437433,0.933176,0.586,1,3
0.09115824,0.9330797,0.586,1,3
0.08793536,0.9329734,0.586,1,3
0.08470637,0.9328802,0.586,1,3
0.08147165,0.9328221,0.586,1,3
0.07823139,0.9327859,0.586,1,3
0.07498562,0.9327707,0.586,1,3
0.0717341,0.9327672,0.586,1,3
0.06847689,0.9327588,0.586,1,3
0.06521431,0.9327296,0.586,1,3
0.06194621,0.9327117,0.586,1,3
0.05867213,0.9327187,0.586,1,3
0.05539155,0.9327325,0.586,1,3
0.05210423,0.9327382,0.586,1,3
0.04881006,0.9327298,0.586,1,3
0.04550883,0.9327202,0.586,1,3
0.04219997,0.9327205,0.586,1,3
0.03888324,0.9327183,0.586,1,3
0.03555804,0.9327179,0.586,1,3
0.03222424,0.9327074,0.586,1,3
0.02888134,0.9326993,0.586,1,3
0.02552927,0.9326808,0.586,1,3
0.0187979,0.9326289,0.586,1,3
0.0187979,0.9326289,0.586,1,3
0.01541868,0.9325998,0.586,1,3
0.01203081,0.9325685,0.586,1,3
0.008634239,0.9325423,0.586,1,3
0.005228758,0.9325203,0.586,1,3
0.001814812,0.932492,0.586,1,3
-0.001607358,0.9324638,0.586,1,3
-0.00503701,0.9324335,0.586,1,3
-0.008473843,0.9324087,0.586,1,3
-0.01191723,0.9323851,0.586,1,3
-0.01536614,0.9323643,0.586,1,3
-0.01881984,0.9323484,0.586,1,3
-0.02227759,0.9323368,0.586,1,3
-0.02573845,0.9323304,0.586,1,3
-0.02920169,0.9323281,0.586,1,3
-0.03266695,0.9323254,0.586,1,3
-0.03613383,0.9323257,0.586,1,3
-0.03960174,0.9323299,0.586,1,3
-0.04307014,0.9323394,0.586,1,3
-0.04653847,0.9323492,0.586,1,3
-0.05000624,0.9323626,0.586,1,3
-0.05347273,0.9323837,0.586,1,3
-0.05693722,0.9324096,0.586,1,3
-0.06039934,0.93243,0.586,1,3
-0.06385881,0.9324489,0.586,1,3
-0.06731513,0.9324746,0.586,1,3
-0.07076769,0.9325073,0.586,1,3
-0.07421578,0.932549,0.586,1,3
-0.07765841,0.9326057,0.586,1,3
-0.08109501,0.9326564,0.586,1,3
-0.08452481,0.9327136,0.586,1,3
-0.08794707,0.9327736,0.586,1,3
-0.09136122,0.9328325,0.586,1,3
-0.09476636,0.9329035,0.586,1,3
-0.09816152,0.9329885,0.586,1,3
-0.101546,0.9330731,0.586,1,3
-0.1049186,0.9331726,0.586,1,3
-0.1082786,0.9332695,0.586,1,3
-0.1116247,0.9333875,0.586,1,3
-0.1149559,0.9335124,0.586,1,3
-0.1182717,0.9336202,0.586,1,3
-0.1215716,0.9337177,0.586,1,3
-0.1281235,0.933831,0.586,1,3
-0.1281235,0.933831,0.586,1,3
-0.1313736,0.9339309,0.586,1,3
-0.1346066,0.9340163,0.586,1,3
-0.1378223,0.9340851,0.586,1,3
-0.1410199,0.9341652,0.586,1,3
-0.1441994,0.9342387,0.586,1,3
-0.1473609,0.9342973,0.586,1,3
-0.1505046,0.9343315,0.586,1,3
-0.1536305,0.9343655,0.586,1,3
-0.1567389,0.9343844,0.586,1,3
-0.1598297,0.9344064,0.586,1,3
-0.1629031,0.9344351,0.586,1,3
-0.1659598,0.934441,0.586,1,3
-0.1689999,0.9344427,0.586,1,3
-0.1720235,0.9344465,0.586,1,3
-0.175031,0.9344527,0.586,1,3
-0.1780227,0.93445,0.586,1,3
-0.1809994,0.9344288,0.586,1,3
-0.1839617,0.9343861,0.586,1,3
-0.186909,0.9343818,0.586,1,3
-0.1898422,0.9343758,0.586,1,3
-0.1927612,0.934379,0.586,1,3
-0.1956664,0.9343839,0.586,1,3
-0.1985582,0.9343771,0.586,1,3
-0.201437,0.9343599,0.586,1,3
-0.204303,0.9343348,0.586,1,3
-0.2071569,0.9342937,0.586,1,3
-0.2099987,0.9342676,0.586,1,3
-0.2128288,0.9342377,0.586,1,3
-0.2156476,0.9342123,0.586,1,3
-0.218456,0.9341479,0.586,1,3
-0.2212547,0.9340503,0.586,1,3
-0.224044,0.933967,0.586,1,3
-0.2268235,0.9339508,0.586,1,3
-0.2295936,0.9339663,0.586,1,3
-0.2323545,0.9339779,0.586,1,3
-0.2351063,0.9339907,0.586,1,3
-0.237849,0.9340011,0.586,1,3
-0.2405827,0.9340106,0.586,1,3
-0.2433084,0.9339547,0.586,1,3
-0.2460257,0.9339171,0.586,1,3
-0.2487345,0.9339156,0.586,1,3
-0.2514358,0.933875,0.586,1,3
-0.254129,0.9338732,0.586,1,3
-0.2594918,0.9339086,0.586,1,3
-0.2594918,0.9339086,0.586,1,3
-0.2621617,0.9339099,0.586,1,3
-0.2648242,0.9338951,0.586,1,3
-0.2674791,0.9338951,0.586,1,3
-0.2701262,0.9339226,0.586,1,3
-0.2727647,0.9340299,0.586,1,3
-0.2753952,0.9341057,0.586,1,3
-0.2780167,0.9341965,0.586,1,3
-0.2806273,0.9344302,0.586,1,3
-0.2832278,0.9346031,0.586,1,3
-0.285817,0.9347818,0.586,1,3
-0.2883927,0.9350523,0.586,1,3
-0.2909526,0.9354429,0.586,1,3
-0.2934968,0.9358046,0.586,1,3
-0.2960218,0.9362562,0.586,1,3
-0.2985268,0.9367158,0.586,1,3
-0.3010082,0.9372506,0.586,1,3
-0.3034662,0.9377468,0.586,1,3
-0.3058944,0.9383762,0.586,1,3
-0.308294,0.9389791,0.586,1,3
-0.3106607,0.9396254,0.586,1,3
-0.3129968,0.9401659,0.586,1,3
-0.3152978,0.9406993,0.586,1,3
-0.3175582,0.9413298,0.586,1,3
-0.3197731,0.9420922,0.586,1,3
-0.3219382,0.9429883,0.586,1,3
-0.3240564,0.9438459,0.586,1,3
-0.326128,0.944608,0.586,1,3
-0.3281492,0.9453217,0.586,1,3
-0.3301224,0.9458981,0.586,1,3
-0.3320457,0.9463634,0.586,1,3
-0.3339161,0.9467648,0.586,1,3
-0.3357303,0.9471488,0.586,1,3
-0.3374881,0.9475044,0.586,1,3
-0.3391858,0.94788,0.586,1,3
-0.34082,0.9483176,0.586,1,3
-0.3423936,0.9487317,0.586,1,3
-0.3439033,0.9491613,0.586,1,3
-0.3453545,0.9494901,0.586,1,3
-0.3467377,0.9498737,0.586,1,3
-0.3480511,0.9503177,0.586,1,3
-0.3493051,0.9506209,0.586,1,3
-0.350503,0.9507304,0.586,1,3
-0.3516336,0.9508412,0.586,1,3
-0.352692,0.9510347,0.586,1,3
-0.3546056,0.9513806,0.586,1,3
-0.3546056,0.9513806,0.586,1,3
-0.3554448,0.9517835,0.586,1,3
-0.3562262,0.9519698,0.586,1,3
-0.356939,0.9521204,0.586,1,3
-0.3575865,0.9521799,0.586,1,3
-0.3581666,0.9521852,0.586,1,3
-0.3586758,0.952198,0.586,1,3
-0.359121,0.9521077,0.586,1,3
-0.3594936,0.9520677,0.586,1,3
-0.3597934,0.9520783,0.586,1,3
-0.3600206,0.9521338,0.586,1,3
-0.3601779,0.9521853,0.586,1,3
-0.3602666,0.9522096,0.586,1,3
-0.3602839,0.9522519,0.586,1,3
-0.3602304,0.9522977,0.586,1,3
-0.3601067,0.9523355,0.586,1,3
-0.3599093,0.952417,0.586,1,3
-0.3596444,0.9524382,0.586,1,3
-0.3593076,0.9524661,0.586,1,3
-0.3588984,0.9525105,0.586,1,3
-0.3584212,0.9524927,0.586,1,3
-0.3578729,0.9524667,0.586,1,3
-0.357253,0.9524412,0.586,1,3
-0.3565601,0.9524352,0.586,1,3
-0.355794,0.9524484,0.586,1,3
-0.3549629,0.9523492,0.586,1,3
-0.3540568,0.9523025,0.586,1,3
-0.3530723,0.9523594,0.586,1,3
-0.3520148,0.9524174,0.586,1,3
-0.3508855,0.9524544,0.586,1,3
-0.3496847,0.9524579,0.586,1,3
-0.3484126,0.952426,0.586,1,3
-0.3470695,0.9523525,0.586,1,3
-0.345654,0.9522596,0.586,1,3
-0.34416,0.9522458,0.586,1,3
-0.3425958,0.9521706,0.586,1,3
-0.3409643,0.9519925,0.586,1,3
-0.3392565,0.9518625,0.586,1,3
-0.3374757,0.9517279,0.586,1,3
-0.3356243,0.9515519,0.586,1,3
-0.3337008,0.9513646,0.586,1,3
-0.3317047,0.95118,0.586,1,3
-0.3296414,0.9509145,0.586,1,3
-0.327506,0.9506616,0.586,1,3
-0.3253001,0.9504007,0.586,1,3
-0.3230243,0.9501323,0.586,1,3
-0.3206784,0.949868,0.586,1,3
-0.3157749,0.9494092,0.586,1,3
-0.3157749,0.9494092,0.586,1,3
-0.313228,0.9490427,0.586,1,3
-0.3106109,0.9487266,0.586,1,3
-0.3079261,0.9484226,0.586,1,3
-0.3051913,0.947844,0.586,1,3
-0.3023825,0.9474537,0.586,1,3
-0.2995195,0.9469109,0.586,1,3
-0.2965836,0.946588,0.586,1,3
-0.293583,0.9463344,0.586,1,3
-0.2905195,0.9461175,0.586,1,3
-0.2873953,0.9459001,0.586,1,3
-0.2842103,0.9456876,0.586,1,3
-0.2809638,0.9454961,0.586,1,3
-0.27766,0.9452494,0.586,1,3
-0.2742956,0.9450235,0.586,1,3
-0.2708736,0.9447613,0.586,1,3
-0.2673925,0.9445061,0.586,1,3
-0.263849,0.944322,0.586,1,3
-0.2602468,0.9441373,0.586,1,3
-0.2565897,0.943881,0.586,1,3
-0.2528736,0.9436429,0.586,1,3
-0.2490999,0.9434032,0.586,1,3
-0.2452714,0.9431121,0.586,1,3
-0.2413862,0.9428265,0.586,1,3
-0.2374448,0.9425426,0.586,1,3
-0.2334471,0.9422747,0.586,1,3
-0.2293944,0.9420068,0.586,1,3
-0.2252869,0.9417389,0.586,1,3
-0.2211237,0.9415023,0.586,1,3
-0.2169073,0.9412473,0.586,1,3
-0.2126379,0.9409816,0.586,1,3
-0.2083154,0.9407173,0.586,1,3
-0.2039414,0.940433,0.586,1,3
-0.199516,0.9401413,0.586,1,3
-0.1950392,0.9398569,0.586,1,3
-0.1905112,0.9395862,0.586,1,3
-0.1859332,0.9393176,0.586,1,3
-0.1813033,0.9390954,0.586,1,3
-0.1766255,0.9388399,0.586,1,3
-0.1718986,0.93859,0.586,1,3
-0.1671243,0.9383196,0.586,1,3
-0.162301,0.9380774,0.586,1,3
-0.1574293,0.9378559,0.586,1,3
-0.15251,0.9376369,0.586,1,3
-0.1475435,0.9374189,0.586,1,3
-0.1425326,0.9371479,0.586,1,3
-0.137473,0.9369407,0.586,1,3
-0.1323679,0.9367159,0.586,1,3
-0.1272178,0.9364792,0.586,1,3
-0.1220223,0.9362476,0.586,1,3
-0.1167821,0.936018,0.586,1,3
-0.1061663,0.9356035,0.586,1,3
-0.1061663,0.9356035,0.586,1,3
-0.1007915,0.9354023,0.586,1,3
-0.09537327,0.9351826,0.586,1,3
-0.08991112,0.934966,0.586,1,3
-0.08440587,0.9347428,0.586,1,3
-0.07885776,0.9345201,0.586,1,3
-0.07326721,0.9342996,0.586,1,3
-0.06763411,0.9340904,0.586,1,3
-0.06195971,0.9338738,0.586,1,3
-0.05624449,0.933656,0.586,1,3
-0.05048931,0.9334384,0.586,1,3
-0.04469478,0.933227,0.586,1,3
-0.03886133,0.9330265,0.586,1,3
-0.03299037,0.9328269,0.586,1,3
-0.02708268,0.9326348,0.586,1,3
-0.02113932,0.9324515,0.586,1,3
-0.01516142,0.9322777,0.586,1,3
-0.009150088,0.9321139,0.586,1,3
-0.003106385,0.9319598,0.586,1,3
0.00296852,0.9318172,0.586,1,3
0.009073377,0.9316877,0.586,1,3
0.0152069,0.9315704,0.586,1,3
0.02136782,0.9314624,0.586,1,3
0.02755508,0.9313561,0.586,1,3
0.03376791,0.9312658,0.586,1,3
0.040005,0.9311919,0.586,1,3
0.0462651,0.9311275,0.586,1,3
0.05254698,0.9310827,0.586,1,3
0.05884925,0.9310527,0.586,1,3
0.06517056,0.9310259,0.586,1,3
0.07150987,0.9310105,0.586,1,3
0.07786593,0.9310206,0.586,1,3
0.08423728,0.9310431,0.586,1,3
0.09062254,0.9310726,0.586,1,3
0.09702063,0.9311034,0.586,1,3
0.1034304,0.9311624,0.586,1,3
0.1098505,0.9312308,0.586,1,3
0.1162797,0.9313024,0.586,1,3
0.1227168,0.9314096,0.586,1,3
0.12916,0.9315528,0.586,1,3
0.1356079,0.9316989,0.586,1,3
0.1420594,0.9318067,0.586,1,3
0.1485132,0.9319794,0.586,1,3
0.1549677,0.9321828,0.586,1,3
0.1678732,0.9324813,0.586,1,3
0.1678732,0.9324813,0.586,1,3
0.1743214,0.9328068,0.586,1,3
0.1807629,0.933199,0.586,1,3
0.187197,0.9335239,0.586,1,3
0.193621,0.9338971,0.586,1,3
0.2000325,0.934319,0.586,1,3
0.20643,0.9347435,0.586,1,3
0.2128106,0.9352266,0.586,1,3
0.2191731,0.9356959,0.586,1,3
0.2255148,0.9361972,0.586,1,3
0.2318342,0.9367047,0.586,1,3
0.2381268,0.9373139,0.586,1,3
0.2443933,0.9378843,0.586,1,3
0.2506322,0.9384223,0.586,1,3
0.2568412,0.9389531,0.586,1,3
0.2630193,0.9394627,0.586,1,3
0.269163,0.9400159,0.586,1,3
0.2752705,0.9406077,0.586,1,3
0.281342,0.9411782,0.586,1,3
0.2873704,0.9418798,0.586,1,3
0.2933593,0.9425428,0.586,1,3
0.2993102,0.9430939,0.586,1,3
0.3052123,0.9437838,0.586,1,3
0.3110666,0.9445243,0.586,1,3
0.3168694,0.9453393,0.586,1,3
0.3226207,0.9461755,0.586,1,3
0.3283201,0.946994,0.586,1,3
0.3339662,0.9477884,0.586,1,3
0.33956,0.9485055,0.586,1,3
0.345097,0.9492141,0.586,1,3
0.3505763,0.9499065,0.586,1,3
0.3559943,0.9506268,0.586,1,3
0.3613484,0.9513887,0.586,1,3
0.3666428,0.9520869,0.586,1,3
0.371871,0.9528213,0.586,1,3
0.3770419,0.9534086,0.586,1,3
0.3821465,0.9540039,0.586,1,3
0.3871834,0.9546121,0.586,1,3
0.3921497,0.955262,0.586,1,3
0.3970485,0.9558838,0.586,1,3
0.4018773,0.9565023,0.586,1,3
0.4066293,0.9572137,0.586,1,3
0.4113148,0.9578261,0.586,1,3
0.4159334,0.9583383,0.586,1,3
0.4204819,0.958802,0.586,1,3
0.4249568,0.9592614,0.586,1,3
0.429351,0.9598203,0.586,1,3
0.4336659,0.9604362,0.586,1,3
0.437908,0.9609961,0.586,1,3
0.4420709,0.9615859,0.586,1,3
0.4501764,0.9625406,0.586,1,3
0.4501764,0.9625406,0.586,1,3
0.4541039,0.9631241,0.586,1,3
0.4579397,0.9638718,0.586,1,3
0.4616988,0.9645431,0.586,1,3
0.4653792,0.9651565,0.586,1,3
0.4689936,0.9655272,0.586,1,3
0.4725227,0.9659314,0.586,1,3
0.4759709,0.9663004,0.586,1,3
0.4793404,0.9666026,0.586,1,3
0.4826241,0.9669368,0.586,1,3
0.4859619,0.966163,0.586,1,3
0.4892997,0.9641781,0.586,1,3
0.4926376,0.9609821,0.586,1,3
0.4959754,0.956575,0.586,1,3
0.4993132,0.9509568,0.586,1,3
0.502651,0.9441274,0.586,1,3
0.5059889,0.936087,0.586,1,3
0.5093268,0.9268355,0.586,1,3
0.5126646,0.9163728,0.586,1,3
0.5160025,0.904699,0.586,1,3
0.5193403,0.8918141,0.586,1,3
0.5226782,0.8777181,0.586,1,3
0.5260161,0.862411,0.586,1,3
0.5293539,0.8458927,0.586,1,3
0.5326918,0.8281634,0.586,1,3
0.5360296,0.8092229,0.586,1,3
0.5393675,0.7890714,0.586,1,3
0.5427054,0.7677087,0.586,1,3
0.5460432,0.7451349,0.586,1,3
0.5493811,0.7213501,0.586,1,3
0.5527189,0.6963541,0.586,1,3
0.5560568,0.670147,0.586,1,3
0.5593947,0.6427288,0.586,1,3
0.5627325,0.6140995,0.586,1,3
0.5660704,0.584259,0.586,1,3
0.5694082,0.5532075,0.586,1,3
0.5727461,0.5209448,0.586,1,3
0.576084,0.487471,0.586,1,3
0.5794218,0.4527861,0.586,1,3
0.5827597,0.4168901,0.586,1,3
0.5860975,0.379783,0.586,1,3
0.5894354,0.3414648,0.586,1,3
0.5927733,0.3019354,0.586,1,3
0.5961111,0.261195,0.586,1,3
0.599449,0.2192434,0.586,1,3
0.6027868,0.1760808,0.586,1,3
0.6061247,0.131707,0.586,1,3
0.6094626,0.08612216,0.586,1,3
0.6128004,0.03932616,0.586,1,3
-0.01778373,0.9336591,0.586,2,3
-0.01696676,0.933199,0.586,2,3
-0.01568496,0.9326428,0.586,2,3
-0.01396689,0.931922,0.586,2,3
-0.01181731,0.9310248,0.586,2,3
-0.00923726,0.9299497,0.586,2,3
-0.006226987,0.9286965,0.586,2,3
-0.002786398,0.927266,0.586,2,3
0.001084358,0.9256588,0.586,2,3
0.005383313,0.9238698,0.586,2,3
0.01011163,0.9219016,0.586,2,3
0.01526958,0.9197549,0.586,2,3
0.02085778,0.9174314,0.586,2,3
0.02687648,0.9149318,0.586,2,3
0.03333208,0.9122734,0.586,2,3
0.04021892,0.909444,0.586,2,3
0.04754019,0.9064533,0.586,2,3
0.05529991,0.9033141,0.586,2,3
0.06348792,0.900004,0.586,2,3
0.07210374,0.896524,0.586,2,3
0.08114648,0.8928736,0.586,2,3
0.09061608,0.8890541,0.586,2,3
0.100501,0.8850381,0.586,2,3
0.1108139,0.8808572,0.586,2,3
0.1215405,0.8764768,0.586,2,3
0.1327088,0.8719661,0.586,2,3
0.1443107,0.8673072,0.586,2,3
0.156342,0.862491,0.586,2,3
0.1687917,0.8574917,0.586,2,3
0.1816713,0.8523389,0.586,2,3
0.19498,0.8470315,0.586,2,3
0.2087029,0.8415341,0.586,2,3
0.2228495,0.8358704,0.586,2,3
0.2374339,0.8300769,0.586,2,3
0.2524882,0.8242365,0.586,2,3
0.2680063,0.818338,0.586,2,3
0.2839423,0.8122706,0.586,2,3
0.3169443,0.7993246,0.586,2,3
0.3341354,0.7927611,0.586,2,3
0.3517174,0.7859671,0.586,2,3
0.3697073,0.7789862,0.586,2,3
0.3881616,0.7719625,0.586,2,3
0.4070399,0.7647971,0.586,2,3
0.4263507,0.7575141,0.586,2,3
0.4460719,0.7500593,0.586,2,3
0.4661817,0.7423787,0.586,2,3
0.4862049,0.7332674,0.586,2,3
0.5062281,0.722945,0.586,2,3
0.5262513,0.7114115,0.586,2,3
0.5462744,0.6986669,0.586,2,3
0.5662976,0.6847112,0.586,2,3
0.5863208,0.6695443,0.586,2,3
0.6063439,0.6531664,0.586,2,3
0.6263671,0.6355774,0.586,2,3
0.6463903,0.6167772,0.586,2,3
0.6664134,0.596766,0.586,2,3
0.6864366,0.5755436,0.586,2,3
0.7064597,0.5531102,0.586,2,3
0.7264829,0.5294656,0.586,2,3
0.7465062,0.5046098,0.586,2,3
0.7665293,0.478543,0.586,2,3
0.7865524,0.4512651,0.586,2,3
0.8065756,0.422776,0.586,2,3
0.8265988,0.3930759,0.586,2,3
0.8466219,0.3621646,0.586,2,3
0.866645,0.3300422,0.586,2,3
0.8866683,0.2967088,0.586,2,3
0.9066915,0.2621642,0.586,2,3
0.9267146,0.2264085,0.586,2,3
0.9467377,0.1894417,0.586,2,3
0.9667609,0.1512637,0.586,2,3
0.9867842,0.1118747,0.586,2,3
1.006807,0.07127452,0.586,2,3
-0.01799989,0.9331398,0.586,3,3
-0.01773125,0.9325927,0.586,3,3
-0.01722658,0.9324239,0.586,3,3
-0.01653194,0.9323032,0.586,3,3
-0.01565313,0.9321666,0.586,3,3
-0.01458964,0.932,0.586,3,3
-0.01333916,0.931799,0.586,3,3
-0.01189905,0.9315614,0.586,3,3
-0.01026753,0.9312948,0.586,3,3
-0.00844425,0.9309877,0.586,3,3
-0.006426901,0.9306379,0.586,3,3
-0.004210263,0.9303129,0.586,3,3
-0.001807362,0.9299316,0.586,3,3
0.0007839203,0.9294984,0.586,3,3
0.003565997,0.9290156,0.586,3,3
0.006547809,0.9285492,0.586,3,3
0.009715557,0.9280027,0.586,3,3
0.01307419,0.92739,0.586,3,3
0.01663244,0.9267545,0.586,3,3
0.0204069,0.9262258,0.586,3,3
0.02436274,0.9255898,0.586,3,3
0.02852055,0.9249892,0.586,3,3
0.03285816,0.9242839,0.586,3,3
0.03739557,0.9236078,0.586,3,3
0.04213047,0.9229655,0.586,3,3
0.04703882,0.9222041,0.586,3,3
0.05214188,0.9214673,0.586,3,3
0.05742139,0.920638,0.586,3,3
0.06288883,0.9197907,0.586,3,3
0.0685378,0.9188823,0.586,3,3
0.07437536,0.9179577,0.586,3,3
0.08039522,0.9169739,0.586,3,3
0.08661291,0.9160339,0.586,3,3
0.09301424,0.9150491,0.586,3,3
0.0995959,0.9139967,0.586,3,3
0.1063776,0.9130087,0.586,3,3
0.1133306,0.9118997,0.586,3,3
0.1204601,0.9106973,0.586,3,3
0.1277733,0.9094422,0.586,3,3
0.1352757,0.9081646,0.586,3,3
0.1429615,0.9068223,0.586,3,3
0.1508284,0.9053932,0.586,3,3
0.1588828,0.9039097,0.586,3,3
0.1671301,0.9023972,0.586,3,3
0.17556,0.9007849,0.586,3,3
0.1841839,0.8991328,0.586,3,3
0.1930064,0.8974622,0.586,3,3
0.2020218,0.8957311,0.586,3,3
0.2112824,0.894257,0.586,3,3
0.2207444,0.8927819,0.586,3,3
0.2303666,0.8910536,0.586,3,3
0.2403658,0.8904408,0.586,3,3
0.250457,0.8891937,0.586,3,3
0.2607801,0.8882046,0.586,3,3
0.2712256,0.8867813,0.586,3,3
0.2818468,0.8852625,0.586,3,3
0.2927089,0.884084,0.586,3,3
0.3037091,0.882586,0.586,3,3
0.3149168,0.8812281,0.586,3,3
0.3262529,0.8794912,0.586,3,3
0.3377721,0.8777323,0.586,3,3
0.3494641,0.8758837,0.586,3,3
0.3613658,0.8741878,0.586,3,3
0.3734303,0.8723397,0.586,3,3
0.3856906,0.8705568,0.586,3,3
0.3981147,0.8686292,0.586,3,3
0.4107278,0.8667216,0.586,3,3
0.4235072,0.8646848,0.586,3,3
0.4365015,0.8628394,0.586,3,3
0.4496516,0.8607985,0.586,3,3
0.4630077,0.8588929,0.586,3,3
0.4765128,0.8567483,0.586,3,3
0.4901927,0.8545299,0.586,3,3
0.5038724,0.8511004,0.586,3,3
0.5175521,0.8464597,0.586,3,3
0.5312319,0.8406079,0.586,3,3
0.5449116,0.833545,0.586,3,3
0.5585914,0.825271,0.586,3,3
0.5722711,0.8157859,0.586,3,3
0.5859509,0.8050897,0.586,3,3
0.5996306,0.7931823,0.586,3,3
0.6133103,0.7800639,0.586,3,3
0.6269901,0.7657343,0.586,3,3
0.6406698,0.7501937,0.586,3,3
0.6543496,0.7334419,0.586,3,3
0.6680293,0.715479,0.586,3,3
0.6817091,0.696305,0.586,3,3
0.6953887,0.67592,0.586,3,3
0.7090685,0.6543238,0.586,3,3
0.7227482,0.6315164,0.586,3,3
0.736428,0.6074979,0.586,3,3
0.7501077,0.5822684,0.586,3,3
0.7637874,0.5558277,0.586,3,3
0.7774672,0.5281759,0.586,3,3
0.7911469,0.499313,0.586,3,3
0.8048267,0.469239,0.586,3,3
0.8185064,0.4379539,0.586,3,3
0.8321862,0.4054577,0.586,3,3
0.8458659,0.3717504,0.586,3,3
0.8595456,0.3368319,0.586,3,3
0.8869051,0.2633617,0.586,3,3
0.8869051,0.2633617,0.586,3,3
0.9005849,0.2248099,0.586,3,3
0.9142646,0.1850471,0.586,3,3
0.9279444,0.1440731,0.586,3,3
0.9416241,0.101888,0.586,3,3
0.9553038,0.05849174,0.586,3,3
-0.01799989,0.9331398,0.586,4,3
-0.01767084,0.9326286,0.586,4,3
-0.01707843,0.9324357,0.586,4,3
-0.01526141,0.9321012,0.586,4,3
-0.01526141,0.9321012,0.586,4,3
-0.01404899,0.9318933,0.586,4,3
-0.01404899,0.9318933,0.586,4,3
-0.01263538,0.9316517,0.586,4,3
-0.01102045,0.9313739,0.586,4,3
-0.009203732,0.9310618,0.586,4,3
-0.007185251,0.9307139,0.586,4,3
-0.004964024,0.9303482,0.586,4,3
-0.002544165,0.9299427,0.586,4,3
7.432699E-05,0.9294949,0.586,4,3
0.002893001,0.9290125,0.586,4,3
0.005915195,0.9285268,0.586,4,3
0.009131759,0.9279805,0.586,4,3
0.01254725,0.9273996,0.586,4,3
0.01616213,0.9267864,0.586,4,3
0.01997614,0.9261391,0.586,4,3
0.02398974,0.9254605,0.586,4,3
0.02820197,0.9247443,0.586,4,3
0.03261957,0.9240376,0.586,4,3
0.03723246,0.9232833,0.586,4,3
0.04204521,0.9225136,0.586,4,3
0.04705495,0.921716,0.586,4,3
0.05225757,0.920867,0.586,4,3
0.05765566,0.9199833,0.586,4,3
0.06324601,0.9190444,0.586,4,3
0.06903717,0.9181041,0.586,4,3
0.08120179,0.916101,0.586,4,3
0.08120179,0.916101,0.586,4,3
0.0875757,0.9150404,0.586,4,3
0.1009228,0.9129155,0.586,4,3
0.1009228,0.9129155,0.586,4,3
0.1078936,0.9118424,0.586,4,3
0.1150491,0.9106819,0.586,4,3
0.1223943,0.9094641,0.586,4,3
0.1299354,0.9082264,0.586,4,3
0.1376692,0.9069489,0.586,4,3
0.145599,0.9056523,0.586,4,3
0.1537206,0.9043111,0.586,4,3
0.1620352,0.9029316,0.586,4,3
0.1705371,0.9014767,0.586,4,3
0.17924,0.90003,0.586,4,3
0.1972387,0.8971026,0.586,4,3
0.2065269,0.8955765,0.586,4,3
0.2065269,0.8955765,0.586,4,3
0.2159974,0.8939428,0.586,4,3
0.2256748,0.8923529,0.586,4,3
0.235532,0.8906382,0.586,4,3
0.2558485,0.8872125,0.586,4,3
0.2558485,0.8872125,0.586,4,3
0.2769286,0.8835409,0.586,4,3
0.2877728,0.8817173,0.586,4,3
0.2988117,0.8798535,0.586,4,3
0.3100268,0.8778339,0.586,4,3
0.3214446,0.8758143,0.586,4,3
0.3330697,0.8738237,0.586,4,3
0.3448944,0.8718135,0.586,4,3
0.3569158,0.8697665,0.586,4,3
0.3569158,0.8697665,0.586,4,3
0.3815567,0.8656088,0.586,4,3
0.3815567,0.8656088,0.586,4,3
0.3941531,0.8633575,0.586,4,3
0.4199913,0.8590675,0.586,4,3
0.4332311,0.8570209,0.586,4,3
0.4466483,0.8548244,0.586,4,3
0.4602583,0.8525697,0.586,4,3
0.4740464,0.8501666,0.586,4,3
0.4880888,0.8480768,0.586,4,3
0.5020902,0.8445302,0.586,4,3
0.5160915,0.8397725,0.586,4,3
0.5300929,0.8338037,0.586,4,3
0.5440943,0.8266237,0.586,4,3
0.5580956,0.8182327,0.586,4,3
0.572097,0.8086305,0.586,4,3
0.5860984,0.7978172,0.586,4,3
0.6000997,0.7857928,0.586,4,3
0.6141011,0.7725573,0.586,4,3
0.6281025,0.7581106,0.586,4,3
0.6421039,0.7424529,0.586,4,3
0.6561052,0.7255841,0.586,4,3
0.6701066,0.7075042,0.586,4,3
0.684108,0.6882131,0.586,4,3
0.6981093,0.667711,0.586,4,3
0.7121107,0.6459977,0.586,4,3
0.7261121,0.6230733,0.586,4,3
0.7401134,0.5989379,0.586,4,3
0.7541148,0.5735912,0.586,4,3
0.7681162,0.5470335,0.586,4,3
0.7821175,0.5192646,0.586,4,3
0.7961189,0.4902847,0.586,4,3
0.8101203,0.4600936,0.586,4,3
0.8241217,0.4286914,0.586,4,3
0.838123,0.3960782,0.586,4,3
0.8521244,0.3622538,0.586,4,3
0.8661258,0.3272183,0.586,4,3
0.8801271,0.2909717,0.586,4,3
0.8941285,0.253514,0.586,4,3
0.9081299,0.2148452,0.586,4,3
0.9221312,0.1749652,0.586,4,3
0.9361326,0.1338742,0.586,4,3
0.950134,0.09157202,0.586,4,3
0.9641353,0.04805875,0.586,4,3
-0.01797268,0.9332339,0.586,5,3
-0.01738802,0.9328408,0.586,5,3
-0.01643398,0.9325204,0.586,5,3
-0.0151487,0.9321412,0.586,5,3
-0.01353908,0.931676,0.586,5,3
-0.01160675,0.9311184,0.586,5,3
-0.009351879,0.9304708,0.586,5,3
-0.00677529,0.9297309,0.586,5,3
-0.003877342,0.9288972,0.586,5,3
0.002883762,0.9269521,0.586,5,3
0.006745726,0.9258351,0.586,5,3
0.01093164,0.9246326,0.586,5,3
0.01543933,0.9233374,0.586,5,3
0.02027291,0.9219664,0.586,5,3
0.0254252,0.920495,0.586,5,3
0.03089815,0.9189307,0.586,5,3
0.03669021,0.9172676,0.586,5,3
0.04280204,0.9155076,0.586,5,3
0.04923379,0.9136505,0.586,5,3
0.05599821,0.9117432,0.586,5,3
0.06307819,0.9097263,0.586,5,3
0.07047704,0.9076117,0.586,5,3
0.07820576,0.90544,0.586,5,3
0.08624965,0.9031602,0.586,5,3
0.0946115,0.9007824,0.586,5,3
0.1032851,0.8982841,0.586,5,3
0.112268,0.8956543,0.586,5,3
0.1215866,0.8929862,0.586,5,3
0.1312217,0.8902116,0.586,5,3
0.1411712,0.8873223,0.586,5,3
0.1514436,0.8843472,0.586,5,3
0.1620239,0.8812324,0.586,5,3
0.1729303,0.8780401,0.586,5,3
0.1841674,0.8747856,0.586,5,3
0.1957246,0.8714317,0.586,5,3
0.2075999,0.8679707,0.586,5,3
0.219793,0.8644007,0.586,5,3
0.2322918,0.8606775,0.586,5,3
0.2451244,0.8568981,0.586,5,3
0.2582512,0.8529222,0.586,5,3
0.2582512,0.8529222,0.586,5,3
0.2717357,0.8489683,0.586,5,3
0.2855271,0.8448604,0.586,5,3
0.2996459,0.8406681,0.586,5,3
0.3140972,0.8364081,0.586,5,3
0.3288701,0.8320416,0.586,5,3
0.3439838,0.8276355,0.586,5,3
0.3594115,0.8230963,0.586,5,3
0.3751678,0.8184745,0.586,5,3
0.391314,0.8139833,0.586,5,3
0.4077477,0.8092709,0.586,5,3
0.4245252,0.8045319,0.586,5,3
0.441595,0.7995894,0.586,5,3
0.4590484,0.7947603,0.586,5,3
0.4767899,0.7897153,0.586,5,3
0.4945071,0.7833756,0.586,5,3
0.5122244,0.7758247,0.586,5,3
0.5299417,0.7670627,0.586,5,3
0.5476589,0.7570896,0.586,5,3
0.5653762,0.7459053,0.586,5,3
0.5830934,0.73351,0.586,5,3
0.6008106,0.7199035,0.586,5,3
0.6185279,0.7050859,0.586,5,3
0.6362451,0.6890572,0.586,5,3
0.6539624,0.6718174,0.586,5,3
0.6716796,0.6533665,0.586,5,3
0.6893969,0.6337045,0.586,5,3
0.7071142,0.6128314,0.586,5,3
0.7248313,0.5907471,0.586,5,3
0.7425486,0.5674518,0.586,5,3
0.7602658,0.5429453,0.586,5,3
0.7779831,0.5172278,0.586,5,3
0.7957003,0.4902991,0.586,5,3
0.8134176,0.4621593,0.586,5,3
0.8311347,0.4328084,0.586,5,3
0.8665692,0.3704732,0.586,5,3
0.8665692,0.3704732,0.586,5,3
0.8842866,0.337489,0.586,5,3
0.9197211,0.2678872,0.586,5,3
0.9374382,0.2312697,0.586,5,3
0.9551556,0.193441,0.586,5,3
0.9728727,0.1544012,0.586,5,3
0.99059,0.1141503,0.586,5,3
1.008307,0.07268831,0.586,5,3
